Dark Skin,Light Skin,Blue Sky,Foliage,Blue Flower,Bluish Green,Orange,Purplish Blue,Moderate Red,Purple,Yellow Green,Orange Yellow,Blue,Green,Red,Yellow,Magenta,Cyan,White,Neutral 8,Neutral 6.5,Neutral 5,Neutral 3.5,Black
"[8.386917486105173, 8.317657118426679, 3.963232150491663]","[24.79755327545383, 26.36266771902131, 14.02683504340963]","[10.375769230769231, 18.09307692307692, 15.70923076923077]","[8.653026427962489, 11.989343563512362, 4.012787723785166]","[13.046146044624747, 18.969066937119674, 16.767748478701826]","[19.58407079646018, 33.201854193004635, 18.40370838600927]","[27.239258967284194, 18.81631848640126, 3.8778084351596376]","[6.49153412006157, 13.59825551564905, 18.34684453565931]","[16.372049976862563, 10.928273947246645, 6.408607126330403]","[4.4592225609756095, 5.7995426829268295, 5.640625]","[26.1082774049217, 33.43087248322148, 7.4630872483221475]","[29.82918006430868, 25.717443729903536, 4.108520900321543]","[2.9128256513026054, 6.9734468937875755, 12.19188376753507]","[12.959767329132331, 22.64081434803684, 7.9505574406204556]","[10.553940321346595, 5.586840091813313, 2.5447589900535577]","[43.413736713000816, 43.61692559280458, 7.364268192968111]","[14.296092184368737, 12.307114228456914, 12.675851703406813]","[7.074501992031872, 17.72988047808765, 16.160956175298804]","[57.12691697514543, 77.35166578529878, 48.42993125330513]","[39.30919485469271, 53.85659838018104, 34.330633635064316]","[24.16898734177215, 32.98987341772152, 20.936708860759495]","[13.133098945253641, 18.158211953792065, 11.438473129080863]","[5.957570343903528, 8.012952210808397, 5.09825815096025]","[2.2248372558838256, 3.0160240360540813, 1.9654481722583876]"
